question,category,option_a,option_b,option_c,option_d,correct
"Lorem ipsum dolor sit amet, consectetur adipiscing elit. Pellentesque iaculis non diam quis dapibus. Donec posuere lectus dui, sed porttitor  diam convallis et. Vestibulum vitae rhoncus nisi?",Lorem Ipsum #1,Duis nec ante ultrices,Volutpat nunc non,Nunc posuere laoreet nulla nec consequat,"Sed erat lacus, porttitor quis massa eu",a
"Lorem ipsum dolor sit amet, consectetur adipiscing elit. Pellentesque iaculis non diam quis dapibus. Donec posuere lectus dui, sed porttitor  diam convallis et. Vestibulum vitae rhoncus nisi?",Lorem Ipsum #1,Duis nec ante ultrices,Volutpat nunc non,Nunc posuere laoreet nulla nec consequat,"Sed erat lacus, porttitor quis massa eu",c
"Lorem ipsum dolor sit amet, consectetur adipiscing elit. Pellentesque iaculis non diam quis dapibus. Donec posuere lectus dui, sed porttitor  diam convallis et. Vestibulum vitae rhoncus nisi?",Lorem Ipsum #1,Duis nec ante ultrices,Volutpat nunc non,Nunc posuere laoreet nulla nec consequat,"Sed erat lacus, porttitor quis massa eu",d
"Lorem ipsum dolor sit amet, consectetur adipiscing elit. Pellentesque iaculis non diam quis dapibus. Donec posuere lectus dui, sed porttitor  diam convallis et. Vestibulum vitae rhoncus nisi?",Lorem Ipsum #2,Duis nec ante ultrices,Volutpat nunc non,Nunc posuere laoreet nulla nec consequat,"Sed erat lacus, porttitor quis massa eu",a
"Lorem ipsum dolor sit amet, consectetur adipiscing elit. Pellentesque iaculis non diam quis dapibus. Donec posuere lectus dui, sed porttitor  diam convallis et. Vestibulum vitae rhoncus nisi?",Lorem Ipsum #2,Duis nec ante ultrices,Volutpat nunc non,Nunc posuere laoreet nulla nec consequat,"Sed erat lacus, porttitor quis massa eu",b
"Lorem ipsum dolor sit amet, consectetur adipiscing elit. Pellentesque iaculis non diam quis dapibus. Donec posuere lectus dui, sed porttitor  diam convallis et. Vestibulum vitae rhoncus nisi?",Lorem Ipsum #2,Duis nec ante ultrices,Volutpat nunc non,Nunc posuere laoreet nulla nec consequat,"Sed erat lacus, porttitor quis massa eu",b
"Lorem ipsum dolor sit amet, consectetur adipiscing elit. Pellentesque iaculis non diam quis dapibus. Donec posuere lectus dui, sed porttitor  diam convallis et. Vestibulum vitae rhoncus nisi?",Lorem Ipsum #3,Duis nec ante ultrices,Volutpat nunc non,Nunc posuere laoreet nulla nec consequat,"Sed erat lacus, porttitor quis massa eu",d
"Lorem ipsum dolor sit amet, consectetur adipiscing elit. Pellentesque iaculis non diam quis dapibus. Donec posuere lectus dui, sed porttitor  diam convallis et. Vestibulum vitae rhoncus nisi?",Lorem Ipsum #3,Duis nec ante ultrices,Volutpat nunc non,Nunc posuere laoreet nulla nec consequat,"Sed erat lacus, porttitor quis massa eu",a
"Lorem ipsum dolor sit amet, consectetur adipiscing elit. Pellentesque iaculis non diam quis dapibus. Donec posuere lectus dui, sed porttitor  diam convallis et. Vestibulum vitae rhoncus nisi?",Lorem Ipsum #3,Duis nec ante ultrices,Volutpat nunc non,Nunc posuere laoreet nulla nec consequat,"Sed erat lacus, porttitor quis massa eu",a
"Lorem ipsum dolor sit amet, consectetur adipiscing elit. Pellentesque iaculis non diam quis dapibus. Donec posuere lectus dui, sed porttitor  diam convallis et. Vestibulum vitae rhoncus nisi?",Lorem Ipsum #4,Duis nec ante ultrices,Volutpat nunc non,Nunc posuere laoreet nulla nec consequat,"Sed erat lacus, porttitor quis massa eu",c
"Lorem ipsum dolor sit amet, consectetur adipiscing elit. Pellentesque iaculis non diam quis dapibus. Donec posuere lectus dui, sed porttitor  diam convallis et. Vestibulum vitae rhoncus nisi?",Lorem Ipsum #4,Duis nec ante ultrices,Volutpat nunc non,Nunc posuere laoreet nulla nec consequat,"Sed erat lacus, porttitor quis massa eu",b
"Lorem ipsum dolor sit amet, consectetur adipiscing elit. Pellentesque iaculis non diam quis dapibus. Donec posuere lectus dui, sed porttitor  diam convallis et. Vestibulum vitae rhoncus nisi?",Lorem Ipsum #4,Duis nec ante ultrices,Volutpat nunc non,Nunc posuere laoreet nulla nec consequat,"Sed erat lacus, porttitor quis massa eu",d
"Lorem ipsum dolor sit amet, consectetur adipiscing elit. Pellentesque iaculis non diam quis dapibus. Donec posuere lectus dui, sed porttitor  diam convallis et. Vestibulum vitae rhoncus nisi?",Lorem Ipsum #5,Duis nec ante ultrices,Volutpat nunc non,Nunc posuere laoreet nulla nec consequat,"Sed erat lacus, porttitor quis massa eu",c
"Lorem ipsum dolor sit amet, consectetur adipiscing elit. Pellentesque iaculis non diam quis dapibus. Donec posuere lectus dui, sed porttitor  diam convallis et. Vestibulum vitae rhoncus nisi?",Lorem Ipsum #5,Duis nec ante ultrices,Volutpat nunc non,Nunc posuere laoreet nulla nec consequat,"Sed erat lacus, porttitor quis massa eu",a
"Lorem ipsum dolor sit amet, consectetur adipiscing elit. Pellentesque iaculis non diam quis dapibus. Donec posuere lectus dui, sed porttitor  diam convallis et. Vestibulum vitae rhoncus nisi?",Lorem Ipsum #5,Duis nec ante ultrices,Volutpat nunc non,Nunc posuere laoreet nulla nec consequat,"Sed erat lacus, porttitor quis massa eu",b
"Lorem ipsum dolor sit amet, consectetur adipiscing elit. Pellentesque iaculis non diam quis dapibus. Donec posuere lectus dui, sed porttitor  diam convallis et. Vestibulum vitae rhoncus nisi?",Lorem Ipsum #6,Duis nec ante ultrices,Volutpat nunc non,Nunc posuere laoreet nulla nec consequat,"Sed erat lacus, porttitor quis massa eu",c
"Lorem ipsum dolor sit amet, consectetur adipiscing elit. Pellentesque iaculis non diam quis dapibus. Donec posuere lectus dui, sed porttitor  diam convallis et. Vestibulum vitae rhoncus nisi?",Lorem Ipsum #6,Duis nec ante ultrices,Volutpat nunc non,Nunc posuere laoreet nulla nec consequat,"Sed erat lacus, porttitor quis massa eu",d
"Lorem ipsum dolor sit amet, consectetur adipiscing elit. Pellentesque iaculis non diam quis dapibus. Donec posuere lectus dui, sed porttitor  diam convallis et. Vestibulum vitae rhoncus nisi?",Lorem Ipsum #6,Duis nec ante ultrices,Volutpat nunc non,Nunc posuere laoreet nulla nec consequat,"Sed erat lacus, porttitor quis massa eu",a
